ID,bulkdens,Lat,Lon,Ortho,Salinity,DomVeg,Core,Ht,B,Sa,Se,Sp,Iva,Lm,Ss,Sl,Ds,Richness,LOI,Site,perOM,OM,percC,PolyEqC,adjustedC,less10,NEAR_FC,BarrDist,MainDist,carbon
101,0.419025323,37.60735725,-75.68432526,0.20785572,36,Sa,Y,NA,30,70,0,0,0,0,0,0,0,1,207,P,0.068338495,6.8338495,2.639977601,1.106217467,0.011062175,,MainCoast_1,5702.075318,34.15259386,0.02863556
109,0.416756978,37.59966471,-75.68796768,0.14493588,36,Sa,Y,NA,25,75,0,0,0,0,0,0,0,1,123,P,0.108021792,10.8021792,4.349351664,1.812622656,0.018126227,,MainCoast_1,5962.43128,174.1841941,0.045018836
119,0.373529525,37.57831672,-75.63192649,0.15902082,40,Sa,Y,NA,0,100,0,0,0,0,0,0,0,1,225,P,0.157457458,15.7457458,6.544897793,2.444712564,0.024447126,,BarrierCoast_1,1196.382779,5512.031574,0.058815009
120,0.318934567,37.57839097,-75.6318929,0.15102781,37,Sa,Y,NA,0,100,0,0,0,0,0,0,0,1,124,P,0.1875,18.75,7.91496875,2.524357131,0.025243571,,BarrierCoast_1,1194.947287,5508.926079,0.059800231
121,0.212270764,37.57844267,-75.6318069,0.14244708,40,Sa,Y,NA,0,100,0,0,0,0,0,0,0,1,115,P,0.243028376,24.3028376,10.51857911,2.232786825,0.022327868,*,BarrierCoast_1,1188.553606,5510.979802,0.051587819
122,0.352057571,37.57843179,-75.63172452,0.14333196,39,Sa,Y,NA,5,85,10,0,0,0,0,0,0,2,122,P,0.170726896,17.0726896,7.146703501,2.516051075,0.025160511,,BarrierCoast_1,1181.179689,5517.303561,0.060105696
123,0.787863497,37.57648964,-75.62890482,0.29505252,80,Sa,Y,NA,80,10,5,0,0,0,0,0,0,2,222,P,0.046692607,4.6692607,1.727485094,1.361022447,0.013610224,,BarrierCoast_1,910.7361536,5846.690482,0.036787401
124,0.864626379,37.57646579,-75.62905041,0.23855589,70,Sa,Y,NA,30,70,0,0,0,0,0,0,0,1,117,P,0.050284541,5.0284541,1.877932019,1.623709561,0.016237096,,BarrierCoast_1,923.5763322,5838.624565,0.043477341
125,0.918628474,37.57646473,-75.62895643,0.30723054,90,Sa,Y,NA,70,30,0,0,0,0,0,0,0,1,226,P,0.030815408,3.0815408,1.067110786,0.980278353,0.009802784,,BarrierCoast_1,915.2740184,5845.014301,0.028307911
126,0.794952078,37.57637251,-75.62909943,0.27755851,75,Sa,Y,NA,0,100,0,0,0,0,0,0,0,1,220,P,0.031563275,3.1563275,1.098046813,0.872894596,0.008728946,,BarrierCoast_1,927.8896754,5842.068952,0.025091291
127,0.616990043,37.57628081,-75.62927332,0.24974994,70,Sa,Y,NA,0,99,1,0,0,0,0,0,0,2,208,P,0.040245229,4.0245229,1.458409785,0.899824316,0.008998243,,BarrierCoast_1,943.2514621,5837.063701,0.024830906
128,0.461118603,37.55896855,-75.62618974,-0.03295121,32,Sa,Y,NA,30,70,0,0,0,0,0,0,0,1,128,P,0.071730363,7.1730363,2.784237251,1.283863591,0.012838636,,BarrierCoast_1,143.7201144,7248.912232,0.033076205
131,0.536541099,37.55902275,-75.62612446,-0.08894247,30,Sa,Y,NA,40,60,0,0,0,0,0,0,0,1,138,P,0.05164693,5.164693,1.935096461,1.038258782,0.010382588,,BarrierCoast_1,142.4180986,7249.207792,0.027710701
132,0.719478028,37.5589982,-75.62632377,0.04140638,31,Sa,Y,NA,40,60,0,0,0,0,0,0,0,1,139,P,0.072221667,7.2221667,2.805161535,2.018252089,0.020182521,,BarrierCoast_1,155.3219998,7237.892347,0.051961903
133,0.697000784,37.55894698,-75.62645309,-0.06692806,32,Sa,Y,NA,30,70,0,0,0,0,0,0,0,1,118,P,0.069677419,6.9677419,2.696882191,1.879729001,0.01879729,,BarrierCoast_1,161.4587238,7233.181369,0.048565216
134,0.375333891,37.55970556,-75.63136715,-0.09164479,35,Sa,Y,NA,60,40,0,0,0,0,0,0,0,1,119,P,0.08114844,8.114844,3.186607469,1.19604178,0.011960418,,BarrierCoast_1,562.914731,6856.244847,0.03045776
135,0.39407352,37.55962257,-75.63147028,0.02259156,37,Sa,Y,NA,30,70,0,0,0,0,0,0,0,1,140,P,0.088282344,8.8282344,3.493161752,1.376562547,0.013765625,,BarrierCoast_1,565.8246025,6855.78481,0.034789734
137,0.653464012,37.55959719,-75.63154378,0.00529186,34,Sa,Y,NA,45,55,0,0,0,0,0,0,0,1,126,P,0.064208855,6.4208855,2.464805664,1.610661798,0.016106618,,BarrierCoast_1,569.8684575,6852.917497,0.041958176
138,0.456865455,37.55953016,-75.63142777,-0.01936838,31,Sa,Y,NA,40,60,0,0,0,0,0,0,0,1,209,P,0.130350195,13.0350195,5.331925984,2.435972791,0.024359728,,BarrierCoast_1,557.2380512,6865.496802,0.059552501
139,0.270706444,37.55956777,-75.63134289,-0.11944048,37,Sa,Y,NA,60,40,0,0,0,0,0,0,0,1,125,P,0.091633466,9.1633466,3.637691412,0.984746506,0.009847465,,BarrierCoast_1,553.0524353,6868.183744,0.02480577
142,0.580438745,37.5618494,-75.63734661,0.21957855,50,Se,Y,NA,0,45,55,0,0,0,0,0,0,2,274,P,0.056805681,5.6805681,2.152056964,1.249137243,0.012491372,,BarrierCoast_1,1092.957265,6306.476162,0.032972218
151,0.737238144,37.54455851,-75.68294515,0.4782247,77,Se,Y,NA,5,5,90,0,0,0,0,0,0,2,255,P,0.064074588,6.4074588,2.459118885,1.812956243,0.018129562,,BarrierCoast_1,3604.893647,3893.335175,0.04723823
152,0.809902538,37.54460705,-75.68297668,0.47508021,78,Se,Y,NA,0,5,95,0,0,0,0,0,0,2,280,P,0.052605261,5.2605261,1.975340405,1.599833207,0.015998332,,BarrierCoast_1,3609.520547,3887.74831,0.042605134
153,0.818511941,37.54463304,-75.68300385,0.45259897,64,Se,Y,NA,10,5,85,0,0,0,0,0,0,2,231,P,0.0615,6.15,2.35017875,1.92364937,0.019236494,,BarrierCoast_1,3612.838764,3884.058048,0.050338484
154,0.702516989,37.54472113,-75.68293717,0.46003976,72,Se,Y,NA,0,10,90,0,0,0,0,0,0,2,278,P,0.063393661,6.3393661,2.430287058,1.707317946,0.017073179,,BarrierCoast_1,3611.110158,3882.359841,0.044535124
155,0.64075612,37.54476325,-75.68280573,0.50726584,52,Se,Y,NA,5,45,47,0,0,3,0,0,0,3,271,P,0.0596,5.96,2.2699104,1.454458981,0.01454459,,BarrierCoast_1,3602.147536,3888.355212,0.038189065
156,0.515662008,37.53543825,-75.67374795,0.402635,46,Sa,Y,NA,0,100,0,0,0,0,0,0,0,1,254,P,0.078699155,7.8699155,3.081710192,1.589120865,0.015891209,,BarrierCoast_1,2435.080421,5171.537482,0.040582164
157,0.719864678,37.53541346,-75.67363951,0.44762005,42,Sa,Y,NA,0,80,20,0,0,0,0,0,0,2,276,P,0.078192181,7.8192181,3.060020135,2.202800409,0.022028004,,BarrierCoast_1,2425.338541,5180.968174,0.056287789
158,0.444157563,37.53530463,-75.67361253,0.4511259,40,Sa,Y,NA,5,90,5,0,0,0,0,0,0,2,132,P,0.085634212,8.5634212,3.379189465,1.500892558,0.015008926,,BarrierCoast_1,2417.5066,5189.009342,0.038035083
159,0.588790381,37.53526546,-75.67348781,0.46984587,55,Se,Y,NA,0,15,85,0,0,0,0,0,0,2,277,P,0.0797,7.97,3.12455235,1.839706369,0.018397064,,BarrierCoast_1,2405.740709,5200.793273,0.046926593
163,0.747110604,37.53079387,-75.68456653,0.08422714,36,Sa,Y,NA,40,60,0,0,0,0,0,0,0,1,229,P,0.059282215,5.9282215,2.256495668,1.685851841,0.016858518,,BarrierCoast_1,2945.308082,4575.487996,0.044290371
164,0.557755287,37.53070952,-75.68455877,0.01496924,35,Sa,Y,NA,40,60,0,0,0,0,0,0,0,1,230,P,0.066866567,6.6866567,2.577482371,1.437604419,0.014376044,,BarrierCoast_1,2940.19918,4580.699712,0.037295181
165,0.587527325,37.53073355,-75.68447449,-0.035479,31,Sa,Y,NA,50,50,0,0,0,0,0,0,0,1,157,P,0.08225758,8.225758,3.234168601,1.900162427,0.019001624,,BarrierCoast_1,2934.952346,4585.866455,0.048328576
166,0.300272268,37.51827903,-75.69725435,0.00794855,NA,TSa,Y,NA,30,70,0,0,0,0,0,0,0,1,156,P,0.099619924,9.9619924,3.983495466,1.196133218,0.011961332,,BarrierCoast_1,3701.296131,4276.662104,0.029913101
168,0.436682333,37.51837226,-75.69729761,0.09985915,33,TSa,Y,NA,25,75,0,0,0,0,0,0,0,1,155,P,0.094570226,9.4570226,3.764627152,1.643946168,0.016439462,,BarrierCoast_1,3705.224781,4267.838446,0.041297147
169,0.326487128,37.5184315,-75.697352,-0.00888757,40,TSa,Y,NA,55,45,0,0,0,0,0,0,0,1,160,P,0.11913752,11.913752,4.836636164,1.57909945,0.015790995,,BarrierCoast_1,3710.113901,4260.233507,0.038896867
170,0.38752625,37.51843113,-75.69735294,-0.00629421,40,TSa,Y,NA,60,40,0,0,0,0,0,0,0,1,272,P,0.104710471,10.4710471,4.204908584,1.629512455,0.016295125,,BarrierCoast_1,3710.196531,4260.185883,0.040578056
171,0.462020786,37.51922756,-75.69712428,0.31643803,31,SSa,Y,NA,0,100,0,0,0,0,0,0,0,1,270,P,0.206620662,20.6620662,8.801054834,4.066270272,0.040662703,,BarrierCoast_1,3692.218147,4229.245136,0.095463041
172,0.313985449,37.51929734,-75.69708557,0.30741366,35,SSa,Y,NA,0,100,0,0,0,0,0,0,0,1,147,P,0.164648183,16.4648183,6.870361401,2.157193509,0.021571935,,BarrierCoast_1,3689.09521,4227.921482,0.051697134
173,0.339581669,37.51939063,-75.69704673,0.28366218,32,SSa,Y,NA,0,100,0,0,0,0,0,0,0,1,273,P,0.178717872,17.8717872,7.511664732,2.550823647,0.025508236,,BarrierCoast_1,3686.086837,4225.19277,0.060689313
174,0.355305429,37.51945124,-75.69713093,0.29390944,40,SSa,Y,NA,10,90,0,0,0,0,0,0,0,1,281,P,0.145043513,14.5043513,5.986673541,2.127097611,0.021270976,,BarrierCoast_1,3693.813229,4215.290993,0.051534748
175,0.391547408,37.5113117,-75.71371183,-0.11104157,44,SSa,Y,NA,25,75,0,0,0,0,0,0,0,1,284,P,0.178368121,17.8368121,7.495650931,2.934902693,0.029349027,,MainCoast_1,4372.817336,3473.249862,0.069839575
176,0.803226384,37.51131175,-75.71371301,-0.1325001,30,SSa,Y,NA,50,50,0,0,0,0,0,0,0,1,151,P,0.056515227,5.6515227,2.139820191,1.718760034,0.0171876,,MainCoast_1,4372.899945,3473.159139,0.045394521
177,0.917184981,37.5113908,-75.71368109,-0.11826547,33,SSa,Y,NA,30,70,0,0,0,0,0,0,0,1,234,P,0.065779014,6.5779014,2.531348716,2.321715024,0.02321715,,MainCoast_1,4376.509097,3470.775095,0.060331524
178,0.802762405,37.51145124,-75.71367041,-0.12935448,34,SSa,Y,NA,30,70,0,0,0,0,0,0,0,1,275,P,0.049990002,4.9990002,1.865580785,1.497618118,0.014976181,,MainCoast_1,4380.195281,3467.932474,0.040130094
179,0.790982473,37.51151626,-75.71371498,-0.1679413,31,SSa,Y,NA,40,60,0,0,0,0,0,0,0,1,253,P,0.04644944,4.644944,1.717314116,1.358365367,0.013583654,,MainCoast_1,4387.905255,3460.70953,0.036740693
180,0.483518517,37.51158813,-75.71369854,-0.03820882,NA,TSa,Y,NA,20,80,0,0,0,0,0,0,0,1,304,P,0.074114823,7.4114823,2.885857399,1.39536549,0.013953655,,MainCoast_1,4392.053448,3457.607263,0.035835889
183,0.571777788,37.52785046,-75.66461655,0.23817248,40,SSa,Y,NA,5,95,0,0,0,0,0,0,0,1,298,P,0.071670992,7.1670992,2.781709173,1.590519518,0.015905195,,BarrierCoast_1,1322.016892,6276.696086,0.040979881
184,0.595363429,37.52777054,-75.66463204,0.12295091,40,SSa,Y,NA,20,80,0,0,0,0,0,0,0,1,246,P,0.061966236,6.1966236,2.369892138,1.410947109,0.014109471,,BarrierCoast_1,1318.739585,6279.586465,0.036892431
185,0.717415896,37.52770303,-75.66469203,0.0923474,35,SSa,Y,NA,20,80,0,0,0,0,0,0,0,1,323,P,0.069788339,6.9788339,2.70159873,1.938169873,0.019381699,,BarrierCoast_1,1319.554749,6278.352535,0.050067264
186,0.457844968,37.52767401,-75.66461061,0.08802963,38,SSa,Y,NA,40,60,0,0,0,0,0,0,0,1,251,P,0.083208918,8.3208918,3.274992415,1.499438798,0.014994388,,BarrierCoast_1,1311.714373,6286.222993,0.038096784
187,0.756879956,37.52431622,-75.66660156,-0.37389406,37,SSa,Y,NA,50,50,0,0,0,0,0,0,0,1,146,P,0.063487303,6.3487303,2.434251225,1.84243596,0.01842436,,BarrierCoast_1,1215.304699,6311.088884,0.048052267
188,0.503263436,37.52431623,-75.66660065,-0.36251745,32,TSa,Y,NA,50,50,0,0,0,0,0,0,0,1,303,P,0.06998414,6.998414,2.709925478,1.363806407,0.013638064,,BarrierCoast_1,1215.239658,6311.158146,0.035220459
189,0.53445319,37.52434218,-75.66661797,-0.43838801,33,TSa,Y,NA,60,40,0,0,0,0,0,0,0,1,297,P,0.067984426,6.7984426,2.624938576,1.402906795,0.014029068,,BarrierCoast_1,1218.155571,6308.395971,0.036334493
190,0.558451257,37.52430954,-75.66666794,-0.38672738,36,TSa,Y,NA,70,30,0,0,0,0,0,0,0,1,135,P,0.081973507,8.1973507,3.221983726,1.799320862,0.017993209,,BarrierCoast_1,1219.668698,6306.370047,0.045778208
191,0.472047905,37.52429863,-75.66663767,-0.399387,31,TSa,Y,NA,60,40,0,0,0,0,0,0,0,1,224,P,0.070624564,7.0624564,2.737168558,1.292074683,0.012920747,,BarrierCoast_1,1216.783912,6309.293404,0.033338177
192,0.72424671,37.5242673,-75.66664184,-0.32443167,34,TSa,Y,NA,50,50,0,0,0,0,0,0,0,1,248,P,0.082552343,8.2552343,3.246814568,2.351494769,0.023514948,,BarrierCoast_1,1215.085487,6310.705793,0.059788263
193,0.360821634,37.53683836,-75.64331427,0.17646112,34,SSa,Y,NA,40,60,0,0,0,0,0,0,0,1,295,P,0.150401606,15.0401606,6.227046577,2.246853121,0.022468531,,BarrierCoast_1,189.9344236,7306.787828,0.054268153
194,0.566880224,37.53674686,-75.64330567,0.16892528,35,SSa,Y,NA,40,60,0,0,0,0,0,0,0,1,137,P,0.13815534,13.815534,5.678923866,3.219269633,0.032192696,,BarrierCoast_1,179.7791173,7312.123093,0.07831753
195,0.473749165,37.53664531,-75.64333817,0.18739738,34,SSa,Y,NA,5,95,0,0,0,0,0,0,0,1,235,P,0.160583942,16.0583942,6.686216811,3.167589631,0.031675896,,BarrierCoast_1,168.5082624,7314.758245,0.076076508
196,0.556569561,37.5366899,-75.64318508,0.16873489,35,SSa,Y,NA,25,75,0,0,0,0,0,0,0,1,296,P,0.120736493,12.0736493,4.907035923,2.73110683,0.027311068,,BarrierCoast_1,173.4571428,7324.494174,0.067198257
197,0.563709695,37.53676852,-75.64315266,0.1830842,35,SSa,Y,NA,50,50,0,0,0,0,0,0,0,1,223,P,0.07846077,7.846077,3.071510318,1.731440144,0.017314401,,BarrierCoast_1,182.1830035,7323.035376,0.044229097
198,0.398687542,37.55265214,-75.64684925,-0.05101283,40,TSa,Y,NA,50,50,0,0,0,0,0,0,0,1,299,P,0.082183623,8.2183623,3.230996096,1.288157892,0.012881579,,BarrierCoast_1,1240.359671,6166.080558,0.032765587
199,0.638513551,37.55265236,-75.64686697,0.0022575,33,TSa,Y,NA,50,50,0,0,0,0,0,0,0,1,249,P,0.078720665,7.8720665,3.082630632,1.968301432,0.019683014,,BarrierCoast_1,1241.633288,6164.757208,0.050264211
200,0.532958144,37.55267218,-75.64686439,-0.05164823,31,TSa,Y,NA,60,40,0,0,0,0,0,0,0,1,326,P,0.06659356,6.659356,2.565898164,1.367516323,0.013675163,,BarrierCoast_1,1242.758409,6163.743096,0.03549158
201,0.64915931,37.55269286,-75.64700052,0.16470827,35,SSa,Y,NA,50,50,0,0,0,0,0,0,0,1,301,P,0.08431938,8.431938,3.322678901,2.156947943,0.021569479,,BarrierCoast_1,1253.800752,6152.422759,0.054736711
202,0.481843035,37.55259917,-75.64713482,0.239418,40,SSa,Y,NA,10,90,0,0,0,0,0,0,0,1,250,P,0.094998023,9.4998023,3.783139435,1.822879387,0.018228794,,BarrierCoast_1,1257.304188,6148.216791,0.045774136
203,0.512388372,37.54777411,-75.68818964,0.34460831,55,SSa,Y,NA,0,99,1,0,0,0,0,0,0,2,302,P,0.126875987,12.6875987,5.178058896,2.653177168,0.026531772,,MainCoast_1,4169.296961,3308.873474,0.06500978
204,0.59281154,37.54782061,-75.68811086,0.29292879,58,SSa,Y,NA,0,100,0,0,0,0,0,0,0,1,136,P,0.084079602,8.4079602,3.312379001,1.963616497,0.019636165,,MainCoast_1,4164.822724,3310.879188,0.049843358
205,0.543758563,37.54786013,-75.68811431,0.32209483,40,SSa,Y,NA,0,100,0,0,0,0,0,0,0,1,327,P,0.120296237,12.0296237,4.887644631,2.657698621,0.026576986,,MainCoast_1,4166.773677,3307.828038,0.065412109
206,0.455885942,37.54790124,-75.68808919,0.31588935,50,SSa,Y,NA,5,80,15,0,0,0,0,0,0,2,322,P,0.111412498,11.1412498,4.497598465,2.050391913,0.020503919,,MainCoast_1,4166.456998,3306.604531,0.050791392
207,0.516357977,37.54796786,-75.68813663,0.28098113,40,SSa,Y,NA,0,100,0,0,0,0,0,0,0,1,300,P,0.108312593,10.8312593,4.362052402,2.252380554,0.022523806,,MainCoast_1,4173.147366,3298.649242,0.055928071
208,0.254209384,37.5465566,-75.69049688,0.25942882,37,SSa,Y,NA,5,95,0,0,0,0,0,0,0,1,158,P,0.209608757,20.9608757,8.940519511,2.272763957,0.02272764,,MainCoast_1,4306.434405,3248.607443,0.053284513
209,0.347005346,37.54653436,-75.69059387,0.27041074,40,SSa,Y,NA,5,95,0,0,0,0,0,0,0,1,294,C,0.202666132,20.2666132,8.616895133,2.990108677,0.029901087,,MainCoast_1,4313.421665,3244.20401,0.070326231
210,0.266272859,37.54645287,-75.69071186,0.34000867,38,SSa,Y,NA,0,100,0,0,0,0,0,0,0,1,134,P,0.189777964,18.9777964,8.019958219,2.135497204,0.021354972,,MainCoast_1,4319.622915,3243.116285,0.050532721
211,0.233356069,37.54642687,-75.69079133,0.28539895,39,SSa,Y,NA,10,90,0,0,0,0,0,0,0,1,252,P,0.216598968,21.6598968,9.26782297,2.162702737,0.021627027,,MainCoast_1,4325.019573,3240.157197,0.050544684
212,0.359197704,37.5465089,-75.69081428,0.32614668,NA,SSa,Y,NA,10,90,0,0,0,0,0,0,0,1,133,P,0.200437898,20.0437898,8.51333448,3.057970199,0.030579702,,MainCoast_1,4330.359242,3232.307974,0.071996833
213,0.582320441,37.55943755,-75.63266991,-0.16902002,NA,TSa,Y,NA,50,50,0,0,0,0,0,0,0,1,325,P,0.069127651,6.9127651,2.673510412,1.556839762,0.015568398,,BarrierCoast_1,619.1043114,6791.747613,0.040254444
214,0.578196176,37.559426,-75.63273143,-0.16692507,35,TSa,Y,NA,30,70,0,0,0,0,0,0,0,1,314,P,0.067596028,6.7596028,2.608445757,1.508193362,0.015081934,,BarrierCoast_1,621.3892699,6788.618614,0.039083765
215,0.621836055,37.5593912,-75.63279988,-0.13105717,35,TSa,Y,NA,25,75,0,0,0,0,0,0,0,1,309,P,0.084324108,8.4324108,3.322882014,2.066287843,0.020662878,,BarrierCoast_1,622.067353,6786.78776,0.052435771
216,0.670012625,37.55935244,-75.6328883,-0.05649248,35,TSa,Y,NA,40,60,0,0,0,0,0,0,0,1,266,P,0.058305831,5.8305831,2.215298296,1.484277827,0.014842778,,BarrierCoast_1,623.5974904,6783.957144,0.039065643
217,0.407683595,37.55934039,-75.63283625,-0.10533423,35,TSa,Y,NA,50,50,0,0,0,0,0,0,0,1,324,P,0.06298265,6.298265,2.412890753,0.983695976,0.00983696,,BarrierCoast_1,619.6640645,6788.245617,0.025676993
218,0.927650304,37.5623397,-75.63687702,0.4176199,67,Se,Y,NA,20,20,60,0,0,0,0,0,0,2,318,P,0.036642438,3.6642438,1.308593792,1.213917429,0.012139174,,BarrierCoast_1,1105.050353,6300.119739,0.033991369
219,0.659753516,37.56232209,-75.636936,0.43494798,80,Se,Y,NA,10,5,85,0,0,0,0,0,0,2,263,P,0.043443443,4.3443443,1.591728392,1.050148403,0.010501484,,BarrierCoast_1,1107.129433,6297.611431,0.028661964
220,0.972424356,37.56226101,-75.63703211,0.43886451,68,Se,Y,NA,6,45,45,0,0,4,0,0,0,3,265,P,0.042083167,4.2083167,1.534987336,1.492659072,0.014926591,,BarrierCoast_1,1107.867721,6295.959475,0.040922697
221,0.667280299,37.56215355,-75.6370336,0.45611386,98,Se,Y,NA,60,10,30,0,0,0,0,0,0,2,316,P,0.046342436,4.6342436,1.712839008,1.142943725,0.011429437,,BarrierCoast_1,1099.163097,6303.943678,0.030923395
222,0.53514916,37.56219769,-75.63719538,0.45688181,79,Se,Y,NA,5,5,90,0,0,0,0,0,0,2,114,P,0.081502197,8.1502197,3.201772946,1.713426103,0.017134261,,BarrierCoast_1,1112.431483,6290.111739,0.043615832
223,0.527313056,37.5719097,-75.6180163,-0.13566623,39,TSa,Y,NA,60,40,0,0,0,0,0,0,0,1,259,P,0.087273818,8.7273818,3.449731251,1.819088329,0.018190883,,BarrierCoast_1,117.2692727,6912.609429,0.046020624
224,0.433692241,37.57181719,-75.61803936,-0.17341095,40,TSa,Y,NA,50,50,0,0,0,0,0,0,0,1,131,P,0.103212115,10.3212115,4.13965692,1.795337086,0.017953371,,BarrierCoast_1,125.6265207,6917.407,0.044762293
225,0.41850979,37.57175835,-75.61811165,-0.17722378,35,TSa,Y,NA,25,75,0,0,0,0,0,0,0,1,6,P,0.100886918,10.0886918,4.038530648,1.690164613,0.016901646,,BarrierCoast_1,134.7412865,6916.486693,0.042222163
226,0.441966547,37.57168929,-75.61801046,-0.2145746,34,TSa,Y,NA,50,50,0,0,0,0,0,0,0,1,306,P,0.097002997,9.7002997,3.86997489,1.710399439,0.017103994,,BarrierCoast_1,133.7478508,6928.254947,0.04287208
228,0.413560672,37.57038482,-75.63652343,0.24704132,36,SSa,Y,NA,10,90,0,0,0,0,0,0,0,1,262,P,0.115607514,11.5607514,4.68148825,1.936079427,0.019360794,,BarrierCoast_1,1569.238288,5733.673828,0.047810721
229,0.397012059,37.57036341,-75.63645528,0.2405667,39,SSa,Y,NA,5,95,0,0,0,0,0,0,0,1,310,P,0.133088891,13.3088891,5.453473657,2.165094805,0.021650948,,BarrierCoast_1,1563.022425,5739.867462,0.052837895
230,0.308907448,37.57031745,-75.63638672,0.35342243,40,SSa,Y,NA,0,100,0,0,0,0,0,0,0,1,129,P,0.214954192,21.4954192,9.190677552,2.839068748,0.028390687,,BarrierCoast_1,1555.110457,5747.782628,0.066400951
231,0.34442768,37.5702314,-75.63633165,0.36940547,40,SSa,Y,NA,10,90,0,0,0,0,0,0,0,1,330,P,0.131613161,13.1613161,5.387950461,1.855759277,0.018557593,,BarrierCoast_1,1545.423611,5757.53026,0.045331216
232,0.527699706,37.5702749,-75.63641407,0.37518906,49,SSa,Y,NA,5,85,10,0,0,0,0,0,0,2,127,P,0.137472506,13.7472506,5.648493766,2.9807085,0.029807085,,BarrierCoast_1,1554.138496,5748.82597,0.072544201
233,0.407967138,37.5681525,-75.67194501,0.3258163,39,SSa,Y,NA,0,100,0,0,0,0,0,0,0,1,312,P,0.113672655,11.3672655,4.596607529,1.875264818,0.018752648,,MainCoast_1,4046.57243,3376.219262,0.046374708
234,0.302075278,37.56805552,-75.67194291,0.41752817,40,SSa,Y,NA,0,100,0,0,0,0,0,0,0,1,317,P,0.154232857,15.4232857,6.399451021,1.933115946,0.019331159,,MainCoast_1,4039.897088,3381.672596,0.046589933
235,0.384716594,37.56797252,-75.67185316,0.50153089,50,SSa,Y,NA,0,74,25,0,0,1,0,0,0,3,311,P,0.17573888,17.573888,7.375385228,2.837433084,0.028374331,,MainCoast_1,4028.009352,3393.114226,0.067609663
236,0.346850686,37.5678597,-75.67197824,0.48483955,45,SSa,Y,NA,0,80,20,0,0,0,0,0,0,2,260,P,0.174138275,17.4138275,7.302272541,2.53279824,0.025327982,,MainCoast_1,4029.263682,3389.729431,0.06039998
237,0.384355721,37.56793996,-75.67213862,0.38145494,40,TSa,Y,NA,10,90,0,0,0,0,0,0,0,1,261,P,0.148701105,14.8701105,6.150665955,2.364043648,0.023640436,,MainCoast_1,4045.940471,3373.00647,0.05715412
238,0.383453538,37.56736485,-75.66454815,0.07982078,NA,TSa,Y,NA,60,40,0,0,0,0,0,0,0,1,142,P,0.104,10.4,4.17396,1.600519729,0.016005197,,BarrierCoast_1,3433.970973,3996.051797,0.039879168
239,0.419463527,37.56739052,-75.66456337,0.06701219,35,TSa,Y,NA,60,40,0,0,0,0,0,0,0,1,332,P,0.103248376,10.3248376,4.141235249,1.737097144,0.017370971,,BarrierCoast_1,3436.516279,3993.599269,0.043308928
240,0.498056551,37.5673139,-75.66460723,0.14619157,37,TSa,Y,NA,40,60,0,0,0,0,0,0,0,1,308,P,0.125635657,12.5635657,5.123214387,2.551650488,0.025516505,,BarrierCoast_1,3435.853361,3993.8293,0.062573662
241,0.474883337,37.56725754,-75.66451842,0.1328492,40,TSa,Y,NA,40,60,0,0,0,0,0,0,0,1,315,P,0.133366584,13.3366584,5.465810677,2.595622414,0.025956224,,BarrierCoast_1,3425.974166,4003.62307,0.063333568
245,0.480451095,37.50932542,-75.72518408,0.29794458,37,SSa,Y,NA,30,70,0,0,0,0,0,0,0,1,130,P,0.075727579,7.5727579,2.954686012,1.41958213,0.014195821,,MainCoast_1,5064.656631,2733.56689,0.036383398
246,0.743604979,37.50935157,-75.7251365,0.39185123,40,SSa,Y,NA,30,70,0,0,0,0,0,0,0,1,153,P,0.063029819,6.3029819,2.414886953,1.795721962,0.01795722,,MainCoast_1,5062.579624,2735.584939,0.046869287
247,0.452689636,37.50940354,-75.72511162,0.39462331,45,SSa,Y,NA,20,80,0,0,0,0,0,0,0,1,313,P,0.070436607,7.0436607,2.729171755,1.235467768,0.012354678,,MainCoast_1,5063.715617,2734.379062,0.031885922
250,0.560229846,37.57125557,-75.68526624,-0.06576875,31,TSa,Y,NA,60,40,0,0,0,0,0,0,0,1,279,P,0.064212843,6.4212843,2.464974581,1.38095233,0.013809523,,MainCoast_1,5209.427072,2199.209668,0.035973951
251,0.605880304,37.57124389,-75.68525276,0.00527989,31,TSa,Y,NA,50,50,0,0,0,0,0,0,0,1,320,P,0.074718423,7.4718423,2.911608483,1.764086233,0.017640862,,MainCoast_1,5207.72602,2200.938574,0.045270421
252,0.839365256,37.57121915,-75.68523858,0.04240604,30,TSa,Y,NA,50,50,0,0,0,0,0,0,0,1,329,P,0.074199324,7.4199324,2.889461765,2.425313814,0.024253138,,MainCoast_1,5205.193622,2203.582066,0.062280335
254,0.612556458,37.571168,-75.68528169,0.02478713,31,TSa,Y,NA,50,50,0,0,0,0,0,0,0,1,7,P,0.068914229,6.8914229,2.664439843,1.632119833,0.016321198,,MainCoast_1,5205.358942,2203.925002,0.042213856
255,0.487488122,37.57247133,-75.68604093,0.51132875,45,SSa,Y,NA,0,55,45,0,0,0,0,0,0,2,331,P,0.085640311,8.5640311,3.379451717,1.647442571,0.016474426,,MainCoast_1,5340.241655,2064.926,0.041748634
256,0.566029594,37.57242389,-75.68593823,0.5513586,45,SSa,Y,NA,0,40,60,0,0,0,0,0,0,2,152,P,0.086329494,8.6329494,3.409093165,1.92964762,0.019296476,,MainCoast_1,5329.768553,2075.382267,0.048865048
257,0.756570637,37.57240435,-75.68585575,0.52943598,40,SSa,Y,NA,10,60,30,0,0,0,0,0,0,2,116,P,0.079155409,7.9155409,3.101236867,2.346304752,0.023463048,,MainCoast_1,5322.490828,2082.60863,0.059886658
258,0.52666864,37.57248642,-75.68583329,0.5240774,42,SSa,Y,NA,4,95,1,0,0,0,0,0,0,2,145,P,0.076645627,7.6645627,2.993900982,1.576793758,0.015767938,,MainCoast_1,5325.853558,2079.082395,0.040366848
259,0.528833879,37.57254325,-75.68588909,0.43475256,45,SSa,Y,NA,0,100,0,0,0,0,0,0,0,1,258,P,0.089924483,8.9924483,3.563943037,1.884733821,0.018847338,,MainCoast_1,5333.445099,2071.453217,0.047555113
260,0.496638835,37.56863474,-75.68791782,0.13624983,40,TSa,Y,NA,50,50,0,0,0,0,0,0,0,1,143,P,0.072030498,7.2030498,2.797018924,1.38910822,0.013891082,,MainCoast_1,5263.614242,2185.874672,0.035773143
261,0.637766028,37.56860518,-75.68795976,0.0735156,38,TSa,Y,NA,60,40,0,0,0,0,0,0,0,1,247,P,0.066988474,6.6988474,2.582655839,1.647130156,0.016471302,,MainCoast_1,5265.308159,2184.102722,0.042722973
262,0.27998604,37.56866537,-75.68796324,0.26206499,35,TSa,Y,NA,40,60,0,0,0,0,0,0,0,1,333,P,0.153738365,15.3738365,6.37717437,1.785519798,0.017855198,,MainCoast_1,5268.762508,2180.746369,0.043044596
263,0.441502568,37.56870061,-75.68790244,0.34552038,33,B,Y,NA,80,20,0,0,0,0,0,0,0,1,321,P,0.13996004,13.996004,5.759416609,2.542797223,0.025427972,,MainCoast_1,5265.911345,2183.70808,0.061792717
264,0.566106924,37.56869672,-75.68785124,0.18425368,35,TSa,Y,NA,40,60,0,0,0,0,0,0,0,1,121,P,0.114316767,11.4316767,4.624851738,2.618160591,0.026181606,,MainCoast_1,5261.732523,2187.920453,0.064715513
265,0.69818651,37.61298649,-75.67541287,0.58351621,50,SSa,Y,NA,10,90,0,0,0,0,0,0,0,1,233,C,0.089826948,8.9826948,3.559736716,2.485360155,0.024853602,,MainCoast_1,5026.494199,192.2805218,0.062715963
266,0.656763424,37.61304317,-75.67536044,0.5924809,45,SSa,Y,NA,5,75,20,0,0,0,0,0,0,2,257,C,0.104240983,10.4240983,4.184455681,2.74819744,0.027481974,,MainCoast_1,5022.466473,193.6197529,0.068461665
267,0.546362005,37.61317046,-75.67546188,0.5761419,38,SSa,Y,NA,5,90,5,0,0,0,0,0,0,2,285,C,0.096629438,9.6629438,3.853786903,2.105562739,0.021055627,,MainCoast_1,5032.716589,179.3847667,0.052794653
268,0.624052847,37.61322032,-75.67557413,0.56523826,36,SSa,Y,NA,10,85,15,0,0,0,0,0,0,2,305,C,0.100040056,10.0040056,4.001739656,2.497297025,0.02497297,,MainCoast_1,5043.113593,168.0696554,0.062430282
269,0.66472841,37.61317887,-75.67563396,0.56356612,48,SSa,Y,NA,0,70,30,0,0,0,0,0,0,2,241,C,0.105289126,10.5289126,4.230126365,2.811885173,0.028118852,,MainCoast_1,5047.929449,165.2884193,0.069988673
270,0.488854285,37.60716598,-75.65346109,0.2092449,45,SSa,Y,NA,40,60,0,0,0,0,0,0,0,1,232,C,0.097768438,9.7768438,3.90315796,1.908075494,0.019080755,,MainCoast_1,3026.781404,2209.235906,0.04779452
271,0.490220448,37.60724826,-75.65351337,0.14596003,40,SSa,Y,NA,60,40,0,0,0,0,0,0,0,1,286,C,0.086900259,8.6900259,3.433652297,1.683246567,0.016832466,,MainCoast_1,3033.693606,2200.954853,0.042600284
272,0.516718851,37.60721928,-75.65361347,0.1513432,35,SSa,Y,NA,40,60,0,0,0,0,0,0,0,1,239,C,0.117124314,11.7124314,4.748107589,2.453436698,0.024534367,,MainCoast_1,3041.33249,2194.566329,0.060520341
273,0.52504471,37.60714409,-75.65356869,0.19669797,39,SSa,Y,NA,30,70,0,0,0,0,0,0,0,1,291,C,0.100528046,10.0528046,4.02293722,2.112221906,0.021122219,,MainCoast_1,3035.282561,2201.915595,0.052781719
274,0.513986525,37.60716478,-75.65346037,0.2379369,37,SSa,Y,NA,40,60,0,0,0,0,0,0,0,1,227,C,0.088755622,8.8755622,3.513553204,1.805919002,0.01805919,,MainCoast_1,3026.684319,2209.3535,0.045619194
276,0.94595173,37.59494557,-75.61996505,0.1378284,35,TSa,Y,NA,30,70,0,0,0,0,0,0,0,1,238,C,0.031302459,3.1302459,1.087256076,1.028491766,0.010284918,,BarrierCoast_1,102.2174399,5390.241438,0.029610615
278,0.889139979,37.59502304,-75.62006336,0.08724588,35,TSa,Y,NA,40,60,0,0,0,0,0,0,0,1,288,C,0.044238067,4.4238067,1.624900147,1.444763683,0.014447637,,BarrierCoast_1,108.312084,5378.029384,0.039333834
279,0.768788772,37.59509442,-75.62020649,0.0728198,33,TSa,Y,NA,40,60,0,0,0,0,0,0,0,1,293,C,0.047284409,4.7284409,1.752245886,1.347106963,0.01347107,,BarrierCoast_1,118.4026155,5363.371141,0.036351723
280,0.60121473,37.59697931,-75.62022944,0.08946104,33,SSa,Y,NA,20,80,0,0,0,0,0,0,0,1,245,C,0.094538644,9.4538644,3.763260705,2.262527769,0.022625278,,BarrierCoast_1,64.9477423,5221.971758,0.056838025
282,0.498262765,37.59693547,-75.62027335,0.16875511,33,SSa,Y,NA,10,90,0,0,0,0,0,0,0,1,292,C,0.087799543,8.7799543,3.47236692,1.730151143,0.017301511,,BarrierCoast_1,69.97572373,5222.254812,0.043747243
283,0.524864274,37.59700773,-75.62026729,0.09630164,34,SSa,Y,NA,20,80,0,0,0,0,0,0,0,1,290,C,0.092662557,9.2662557,3.682142422,1.932625009,0.01932625,,BarrierCoast_1,67.33545003,5217.379256,0.048635266
284,0.574149241,37.59704044,-75.6203579,0.21449458,35,SSa,Y,NA,20,80,0,0,0,0,0,0,0,1,264,C,0.090681864,9.0681864,3.596615768,2.064994214,0.020649942,,BarrierCoast_1,74.09004217,5208.964452,0.052064923
287,0.322337086,37.62266672,-75.6172281,0.09662647,30,SSa,Y,NA,45,55,0,0,0,0,0,0,0,1,149,C,0.095834576,9.5834576,3.819355897,1.23112005,0.012311201,,BarrierCoast_1,386.2878891,3893.461337,0.030891038
288,0.555693155,37.62273363,-75.61723083,0.05177979,36,SSa,Y,NA,60,40,0,0,0,0,0,0,0,1,267,C,0.108,10.8,4.3484,2.416376115,0.024163761,,BarrierCoast_1,389.5653384,3889.594341,0.060014861
289,0.651066783,37.6226928,-75.61712027,0.04156313,37,SSa,Y,NA,40,60,0,0,0,0,0,0,0,1,334,C,0.08442664,8.442664,3.327286918,2.16628599,0.02166286,,BarrierCoast_1,378.8049264,3900.321474,0.054967381
290,1.196320392,37.6149392,-75.61748269,0.88766478,NA,Sp,Y,NA,58,0,0,25,10,0,7,0,0,3,236,C,0.006433096,0.6433096,0.067710842,0.081003861,0.000810039,,BarrierCoast_1,193.5565164,4283.298854,0.007696044
291,1.250502923,37.61498984,-75.61743199,0.71222823,19,Sp,Y,NA,30,0,0,34,0,1,0,0,35,3,242,C,0.008519069,0.8519069,0.152514578,0.190719925,0.001907199,,BarrierCoast_1,192.2113751,4284.033775,0.010653121
293,0.914426879,37.61506265,-75.61759984,1.10091966,NA,B,Y,NA,80,0,0,10,0,0,10,0,0,2,159,C,0.001998601,0.1998601,-0.112136645,-0.102540763,-0.001025408,,BarrierCoast_1,209.0890386,4267.195735,0.001827574
294,1.106411415,37.61528313,-75.61758249,0.60414802,30,SSa,Y,NA,25,69,5,0,0,0,0,10,0,3,282,C,0.007485777,0.7485777,0.110490517,0.122247969,0.00122248,,BarrierCoast_1,219.1251681,4255.344113,0.008282349
296,0.814774326,37.59980542,-75.62704396,0.10433955,40,SSa,Y,NA,50,50,0,0,0,0,0,0,0,1,283,C,0.035160494,3.5160494,1.247082677,1.016090948,0.010160909,,BarrierCoast_1,582.3755823,4565.129768,0.028647868
297,0.956468606,37.59990913,-75.62697217,0.12113275,32,SSa,Y,NA,60,40,0,0,0,0,0,0,0,1,228,C,0.033693261,3.3693261,1.18624708,1.134608091,0.011346081,,BarrierCoast_1,576.1068665,4561.922451,0.032226546
299,0.768195909,37.59995026,-75.62674579,0.1842755,39,SSa,Y,NA,40,30,30,0,0,0,0,0,0,2,240,C,0.029886432,2.9886432,1.028706428,0.79024807,0.007902481,,BarrierCoast_1,556.2136087,4573.471662,0.022958635
404,0.341025162,37.66984924,-75.6255119,0.27715781,39,TSa,Y,NA,20,80,0,0,0,0,0,0,0,1,56,C,0.160111244,16.0111244,6.664831752,2.272875328,0.022728753,,MainCoast_1,2775.035032,573.803414,0.054601963
405,0.439234222,37.66976819,-75.62544478,0.28468861,40,TSa,Y,80,25,75,0,0,0,0,0,0,0,1,77,C,0.134110787,13.4110787,5.498884666,2.415298328,0.024152983,,MainCoast_1,2770.57008,583.3698812,0.058906047
406,0.381546065,37.66980451,-75.62534075,0.38437052,38,TSa,Y,55,0,100,0,0,0,0,0,0,0,1,49,C,0.156324346,15.6324346,6.493752826,2.477665838,0.024776658,,MainCoast_1,2760.877207,589.4010131,0.059644939
407,0.311021134,37.66599559,-75.62451791,0.44467272,41,SSa,Y,60,5,95,0,0,0,0,0,0,0,1,54,C,0.196881871,19.6881871,8.348371111,2.59651985,0.025965199,,MainCoast_1,2639.502666,859.6007224,0.061234423
408,0.343241954,37.66607715,-75.62456619,0.38064105,37,SSa,Y,58,10,90,0,0,0,0,0,0,0,1,24,C,0.208884878,20.8884878,8.906709001,3.057156201,0.030571562,,MainCoast_1,2646.509394,851.4558139,0.071698054
409,0.318083938,37.66605215,-75.62460293,0.36167739,37,TSa,Y,70,10,90,0,0,0,0,0,0,0,1,83,C,0.183134416,18.3134416,7.714197654,2.453762368,0.024537624,,MainCoast_1,2648.65224,849.9869709,0.058252116
410,0.268927854,37.66597846,-75.62453143,0.49529704,46,SSa,Y,60,25,70,5,0,0,0,0,0,0,2,35,C,0.214764398,21.4764398,9.181780811,2.469236609,0.024692366,,MainCoast_1,2640.005542,859.4909394,0.057756129
411,0.334580998,37.66594179,-75.62442602,0.51749982,41,SSa,Y,60,5,92,3,0,0,0,0,0,0,2,48,C,0.224613249,22.4613249,9.644880331,3.226993687,0.032269937,,MainCoast_1,2629.885104,869.5932344,0.075151325
412,0.37850442,37.66822551,-75.62852596,0.18271924,32,TSa,Y,83,70,30,0,0,0,0,0,0,0,1,26,C,0.087710555,8.7710555,3.468534861,1.312855776,0.013128558,,MainCoast_1,3055.059336,430.0962755,0.033198833
413,0.503727416,37.66820318,-75.62809571,0.24866461,33,TSa,Y,112,80,20,0,0,0,0,0,0,0,1,53,C,0.090909091,9.0909091,3.606421492,1.816653379,0.018166534,,MainCoast_1,3018.414788,464.4129889,0.045793402
415,0.228226514,37.66671794,-75.62741955,0.48806642,41,SSa,Y,32,10,80,10,0,0,0,0,0,0,2,57,C,0.283283855,28.3283855,12.4639124,2.844595277,0.028445953,*,MainCoast_1,2907.652511,597.1078112,0.064652887
416,0.270680667,37.66666074,-75.62745968,0.44904398,42,SSa,Y,36,7,86,5,0,0,2,0,0,0,3,50,C,0.336683417,33.6683417,15.1194464,4.092541836,0.040925418,,MainCoast_1,2908.940433,597.1268995,0.091133692
417,0.180952127,37.66669312,-75.62753833,0.45041071,40,SSa,Y,37,10,85,5,0,0,0,0,0,0,2,51,C,0.305703971,30.5703971,13.56843532,2.45523723,0.024552372,,MainCoast_1,2916.669271,589.3166884,0.055317784
418,0.152752465,37.66677523,-75.62748859,0.47953805,43,SSa,Y,32,0,100,0,0,0,0,0,0,0,1,55,C,0.31349481,31.349481,13.95578011,2.131779812,0.021317798,*,MainCoast_1,2915.485858,588.6840417,0.047887105
419,0.201315685,37.6668522,-75.62749408,0.45690819,40,SSa,Y,38,5,95,0,0,0,0,0,0,0,1,52,C,0.274138831,27.4138831,12.01771442,2.41935441,0.024193544,*,MainCoast_1,2918.748741,584.0809922,0.055188447
422,0.368296864,37.6877298,-75.60300929,0.45520969,40,SSa,Y,52,20,80,0,0,0,0,0,0,0,1,98,C,0.167404698,16.7404698,6.995536934,2.576434315,0.025764343,,BarrierCoast_1,1006.979638,1303.439112,0.061654625
423,0.363785949,37.68779807,-75.60303527,0.45811016,38,SSa,Y,43,15,85,0,0,0,0,0,0,0,1,70,C,0.133688228,13.3688228,5.480103193,1.993584541,0.019935845,,BarrierCoast_1,1011.545645,1297.28267,0.048633899
424,0.374612145,37.68789762,-75.6029994,0.44875391,35,SSa,Y,31,30,70,0,0,0,0,0,0,0,1,110,C,0.133986288,13.3986288,5.493350504,2.057875816,0.020578758,,BarrierCoast_1,1012.132851,1293.684328,0.050192891
425,0.391727845,37.68788034,-75.60291157,0.47041999,40,SSa,Y,41,5,94,1,0,0,0,0,0,0,2,80,C,0.124790867,12.4790867,5.08588616,1.992283225,0.019922832,,BarrierCoast_1,1004.186873,1301.168457,0.048884057
426,0.937368103,37.68786541,-75.6027688,0.48325742,55,SSa,Y,59,5,94,1,0,0,0,0,0,0,2,90,C,0.11425111,11.425111,4.621972119,4.332489238,0.043324892,,BarrierCoast_1,991.7562551,1312.512785,0.107095346
427,0.92020085,37.69215741,-75.5990223,0.29136212,40,SSa,Y,40,60,40,0,0,0,0,0,0,0,1,107,C,0.057822471,5.7822471,2.194914075,2.019761797,0.020197618,,BarrierCoast_1,763.8285365,1401.792103,0.053208287
428,0.83116828,37.69211556,-75.5989408,0.23470128,30,TSa,Y,76,40,60,0,0,0,0,0,0,0,1,112,C,0.055861071,5.5861071,2.112269989,1.755651814,0.017556518,,BarrierCoast_1,755.6143202,1409.907197,0.04642995
429,0.81397525,37.69219029,-75.59897046,0.28713385,30,TSa,Y,78,40,60,0,0,0,0,0,0,0,1,109,C,0.056106573,5.6106573,2.122607959,1.727750344,0.017277503,,BarrierCoast_1,760.4864871,1405.329689,0.045669362
430,0.88674275,37.6922061,-75.59902997,0.31800694,35,TSa,Y,65,45,55,0,0,0,0,0,0,0,1,95,C,0.046433842,4.6433842,1.716661757,1.522237367,0.015222374,,BarrierCoast_1,766.0176108,1399.811714,0.041174873
431,0.761597085,37.69226909,-75.59909444,0.40021251,34,TSa,Y,101,20,80,0,0,0,0,0,0,0,1,111,C,0.048775671,4.8775671,1.81468637,1.382059849,0.013820598,,BarrierCoast_1,773.4610313,1392.605582,0.037147409
432,0.491019524,37.68858836,-75.62014587,0.37667359,32,SSa,Y,58,25,75,0,0,0,0,0,0,0,1,72,C,0.09728992,9.728992,3.882411394,1.906339794,0.019063398,,MainCoast_1,2501.865715,0,0.04777125
433,0.540768471,37.68859407,-75.62001633,0.47599925,40,SSa,Y,58,10,90,0,0,0,0,0,0,0,1,105,C,0.126908111,12.6908111,5.179479957,2.800899457,0.028008995,,MainCoast_1,2490.699339,9.092086453,0.068627905
434,0.695428408,37.68855177,-75.61995816,0.49670205,66,Se,Y,26,10,5,85,0,0,0,0,0,0,2,67,C,0.09851134,9.851134,3.935380738,2.736775561,0.027367756,,MainCoast_1,2484.868033,4.525581133,0.068507584
435,0.791807326,37.68851907,-75.62000183,0.49102683,60,SSa,Y,41,5,80,15,0,0,0,0,0,0,2,66,C,0.096151954,9.6151954,3.833101474,3.035077828,0.030350778,,MainCoast_1,2488.079103,5.891242407,0.076133822
436,0.64098811,37.68852284,-75.62005316,0.42724325,45,SSa,Y,58,15,85,0,0,0,0,0,0,0,1,108,C,0.114567754,11.4567754,4.635860848,2.971531683,0.029715317,,MainCoast_1,2492.614677,9.961391942,0.073436568
437,0.359713238,37.66624996,-75.63207832,0.50030319,35,SSa,Y,59,10,90,0,0,0,0,0,0,0,1,19,C,0.189105136,18.9105136,7.988931935,2.873724575,0.028737246,,MainCoast_1,3284.449011,266.1493532,0.068023621
438,0.309732301,37.66618777,-75.63222323,0.48610029,38,SSa,Y,53,20,79,1,0,0,0,0,0,0,2,59,C,0.290452158,29.0452158,12.81541759,3.969348778,0.039693488,,MainCoast_1,3294.884443,258.712273,0.089962415
439,0.247327016,37.66635898,-75.6322477,0.45016655,34,SSa,Y,42,30,70,0,0,0,0,0,0,0,1,79,C,0.240150486,24.0150486,10.38136799,2.567592766,0.025675928,,MainCoast_1,3302.134058,247.1147895,0.059395703
440,0.453334053,37.66632009,-75.63217239,0.46133306,35,SSa,Y,44,10,90,0,0,0,0,0,0,0,1,15,C,0.22144916,22.144916,9.495785496,4.304762925,0.043047629,,MainCoast_1,3294.560174,255.032537,0.100390445
441,0.520765786,37.66629332,-75.63209465,0.4514229,34,SSa,Y,43,20,80,0,0,0,0,0,0,0,1,17,C,0.182578397,18.2578397,7.688667656,4.003995055,0.040039951,,MainCoast_1,3287.149653,262.4446887,0.095080582
442,0.607813554,37.66014137,-75.61566362,-0.15334817,30,TSa,Y,128,50,50,0,0,0,0,0,0,0,1,61,C,0.083192861,8.3192861,3.274303152,1.990165836,0.019901658,,BarrierCoast_1,1725.466843,1858.887398,0.050565749
443,0.734041839,37.66015113,-75.61562576,-0.10634826,32,TSa,Y,131,50,50,0,0,0,0,0,0,0,1,22,C,0.0710065,7.10065,2.753421641,2.021126685,0.020211267,,BarrierCoast_1,1722.290226,1861.270207,0.052121742
444,0.687540751,37.66017335,-75.61560195,-0.10756347,31,TSa,Y,105,60,40,0,0,0,0,0,0,0,1,41,C,0.066978969,6.6978969,2.582252451,1.775403789,0.017754038,,BarrierCoast_1,1720.521647,1861.895112,0.046050771
445,0.528679219,37.66019969,-75.6156283,-0.0656722,31,TSa,Y,128,40,60,0,0,0,0,0,0,0,1,23,C,0.085002002,8.5002002,3.352011046,1.772138582,0.017721386,,BarrierCoast_1,1723.205261,1858.436634,0.044938792
446,0.735717322,37.6602187,-75.61559109,-0.04165804,33,TSa,Y,123,80,20,0,0,0,0,0,0,0,1,14,C,0.076568912,7.6568912,2.990623086,2.200253208,0.022002532,,BarrierCoast_1,1720.226084,1860.266998,0.056333075
447,0.537391729,37.65767112,-75.61430043,0.10106978,33,TSa,Y,70,40,60,0,0,0,0,0,0,0,1,13,C,0.081011911,8.1011911,3.180755508,1.709311702,0.017093117,,BarrierCoast_1,1544.823236,2101.090716,0.043535131
448,0.496252185,37.65763514,-75.61431045,0.07265834,31,TSa,Y,99,40,60,0,0,0,0,0,0,0,1,21,C,0.098968059,9.8968059,3.955198776,1.962776035,0.01962776,,BarrierCoast_1,1544.058668,2102.380093,0.049113116
449,0.564843868,37.65762834,-75.6142609,0.06144968,31,TSa,Y,70,50,50,0,0,0,0,0,0,0,1,39,C,0.075751844,7.5751844,2.955722181,1.669521549,0.016695215,,BarrierCoast_1,1539.742699,2106.520482,0.042787965
450,0.615494997,37.65767774,-75.61423221,0.05845238,30,TSa,Y,70,50,50,0,0,0,0,0,0,0,1,10,C,0.086082783,8.6082783,3.3984806,2.091747806,0.020917478,,BarrierCoast_1,1539.589897,2105.881282,0.052983522
451,0.742367699,37.65774353,-75.61423709,0.08577543,37,TSa,Y,84,50,50,0,0,0,0,0,0,0,1,18,C,0.090991627,9.0991627,3.609983622,2.679935235,0.026799352,,BarrierCoast_1,1542.90415,2101.76616,0.067549245
452,0.52705529,37.65154497,-75.60616336,-0.00752421,NA,TSa,Y,85,30,70,0,0,0,0,0,0,0,1,20,C,0.090972153,9.0972153,3.609143135,1.902217982,0.01902218,,BarrierCoast_1,700.434842,3066.249511,0.047947354
453,0.581521364,37.65151973,-75.60617333,-0.02988894,38,TSa,Y,107,40,60,0,0,0,0,0,0,0,1,16,C,0.085431655,8.5431655,3.370480327,1.960006317,0.019600063,,BarrierCoast_1,701.3148394,3066.931499,0.049680333
454,0.480657308,37.65150673,-75.60613453,-0.02799165,38,TSa,Y,97,30,70,0,0,0,0,0,0,0,1,154,C,0.094432205,9.4432205,3.758655668,1.806625315,0.018066253,,BarrierCoast_1,697.8910441,3070.610705,0.045389529
455,0.393506434,37.66201983,-75.61233971,0.23626026,43,TSa,Y,94,30,70,0,0,0,0,0,0,0,1,60,C,0.088143132,8.8143132,3.487165003,1.372221865,0.013722219,,BarrierCoast_1,1481.034811,2012.580785,0.03468489
456,0.524864274,37.66207189,-75.61234292,0.21705241,45,TSa,Y,90,35,65,0,0,0,0,0,0,0,1,38,C,0.099144789,9.9144789,3.962869157,2.079968443,0.020799684,,BarrierCoast_1,1482.978793,2009.505406,0.052037558
457,0.543449243,37.66210855,-75.61235709,0.27559092,45,TSa,Y,87,20,80,0,0,0,0,0,0,0,1,87,C,0.102954432,10.2954432,4.128441912,2.243598632,0.022435986,,BarrierCoast_1,1485.364304,2006.423368,0.055950508
458,0.580980054,37.66220559,-75.61240429,0.31952156,40,TSa,Y,82,25,75,0,0,0,0,0,0,0,1,36,C,0.081462349,8.1462349,3.200064485,1.859173637,0.018591736,,BarrierCoast_1,1492.534787,1997.519579,0.047328
459,0.39360954,37.66222637,-75.61234468,0.20230897,35,TSa,Y,79,35,65,0,0,0,0,0,0,0,1,58,C,0.115904828,11.5904828,4.694541133,1.847816176,0.018478162,,BarrierCoast_1,1488.211523,2000.977072,0.045621246
460,0.256890156,37.66743169,-75.6069865,0.41709573,40,SSa,Y,45,0,100,0,0,0,0,0,0,0,1,81,C,0.235264585,23.5264585,10.14898855,2.607175251,0.026071753,,BarrierCoast_1,1177.075828,2137.895935,0.060437156
461,0.245496874,37.66739703,-75.60708371,0.41749731,37,SSa,Y,47,0,100,0,0,0,0,0,0,0,1,37,C,0.287190764,28.7190764,12.65530061,3.10683674,0.031068367,,BarrierCoast_1,1185.059395,2132.181203,0.070504435
462,0.185153722,37.66751689,-75.6071767,0.39610613,38,SSa,Y,43,0,100,0,0,0,0,0,0,0,1,75,C,0.304701503,30.4701503,13.51872686,2.503042594,0.025030426,*,BarrierCoast_1,1195.008869,2118.636929,0.056416617
463,0.264803589,37.66745146,-75.60720772,0.4111257,35,SSa,Y,63,10,90,0,0,0,0,0,0,0,1,11,C,0.294610901,29.4610901,13.02005247,3.447756624,0.034477566,,BarrierCoast_1,1196.710739,2119.683477,0.078014024
464,0.23882072,37.66737585,-75.60723212,0.42267287,39,SSa,Y,40,5,95,0,0,0,0,0,0,0,1,82,C,0.295452113,29.5452113,13.06150819,3.119358791,0.031193588,,BarrierCoast_1,1197.73538,2121.781302,0.070560086
466,0.376210297,37.6676978,-75.60802437,0.17072006,40,TSa,Y,83,40,60,0,0,0,0,0,0,0,1,65,C,0.115773661,11.5773661,4.688782223,1.763968153,0.017639682,,BarrierCoast_1,1271.923649,2043.299753,0.043555243
467,0.360538091,37.66775347,-75.60797971,0.0183857,NA,TSa,Y,87,40,60,0,0,0,0,0,0,0,1,62,C,0.108673365,10.8673365,4.377812651,1.578368216,0.015783682,,BarrierCoast_1,1268.96701,2043.827055,0.039180888
468,0.337004003,37.66775968,-75.60791207,0.02519711,NA,TSa,Y,75,80,20,0,0,0,0,0,0,0,1,63,C,0.121324636,12.1324636,4.932950043,1.662423911,0.016624239,,BarrierCoast_1,1263.178351,2048.748732,0.040886888
469,0.399667055,37.66771865,-75.60786286,0.01125307,40,TSa,Y,65,75,25,0,0,0,0,0,0,0,1,64,C,0.134216648,13.4216648,5.503590708,2.19960389,0.021996039,,BarrierCoast_1,1258.186562,2054.733794,0.053641972
470,0.422530949,37.6676543,-75.60785905,0.0737665,35,TSa,Y,75,55,45,0,0,0,0,0,0,0,1,34,C,0.139402698,13.9402698,5.734547763,2.423023909,0.024230239,,BarrierCoast_1,1256.783533,2058.426459,0.058901954
472,0.479677796,37.53748872,-75.69233045,0.34957044,47,SSa,Y,53,40,60,0,0,0,0,0,0,0,1,210,P,0.092206367,9.2206367,3.66243363,1.756788091,0.017567881,,MainCoast_1,3917.98716,3611.32916,0.044229347
473,0.688030508,37.53753025,-75.69245345,0.31743429,41,SSa,Y,52,30,70,0,0,0,0,0,0,0,1,175,P,0.079734219,7.9734219,3.126017659,2.150795518,0.021507955,,MainCoast_1,3929.595594,3599.587077,0.054859575
474,0.586470482,37.53757289,-75.69252876,0.2443809,45,SSa,Y,60,35,65,0,0,0,0,0,0,0,1,163,P,0.068690096,6.8690096,2.654915521,1.557029585,0.015570296,,MainCoast_1,3937.757952,3591.470929,0.040284714
475,0.528163686,37.53750523,-75.69245174,0.34727282,41,SSa,Y,48,45,55,0,0,0,0,0,0,0,1,213,P,0.072482682,7.2482682,2.816280921,1.487457312,0.014874573,,MainCoast_1,3927.937389,3601.067577,0.03828272
476,0.654314641,37.53743746,-75.69248847,0.30511078,40,SSa,Y,57,50,50,0,0,0,0,0,0,0,1,178,P,0.061269365,6.1269365,2.340429453,1.531377257,0.015313773,,MainCoast_1,3926.505426,3601.893772,0.040089443
477,0.381185192,37.54211986,-75.70661469,0.14100172,NA,TSa,Y,90,20,80,0,0,0,0,0,0,0,1,168,P,0.087607264,8.7607264,3.464087174,1.320458735,0.013204587,,MainCoast_1,5261.130563,2260.17571,0.033394592
478,0.393068231,37.54213794,-75.70647293,0.19274277,35,TSa,Y,88,30,70,0,0,0,0,0,0,0,1,166,P,0.119057131,11.9057131,4.833098813,1.899737601,0.018997376,,MainCoast_1,5251.374212,2270.043157,0.046797576
479,0.392191824,37.54219702,-75.70648125,0.14143167,40,TSa,Y,80,25,75,0,0,0,0,0,0,0,1,197,P,0.091268693,9.1268693,3.621942873,1.420496382,0.014204964,,MainCoast_1,5255.355455,2266.141735,0.035794835
480,0.455989048,37.54215347,-75.70642995,0.26853119,40,TSa,Y,85,30,70,0,0,0,0,0,0,0,1,218,P,0.103420922,10.3420922,4.148746183,1.891782822,0.018917828,,MainCoast_1,5248.988384,2272.479728,0.047158808
481,0.402811807,37.54207805,-75.70649029,0.20712859,40,SSa,Y,55,15,85,0,0,0,0,0,0,0,1,170,P,0.114815178,11.4815178,4.646715523,1.871751876,0.018717519,,MainCoast_1,5249.305601,2272.020792,0.046248909
482,0.547135305,37.53753695,-75.70958549,0.46787011,68,B,Y,10,99,1,0,0,0,0,0,0,0,1,185,P,0.147598166,14.7598166,6.10117213,3.338166674,0.033381667,,MainCoast_1,5259.385205,2282.436697,0.080756168
483,0.610674762,37.53760368,-75.70949363,0.45848922,55,SSa,Y,65,40,57,3,0,0,0,0,0,0,2,176,P,0.157978196,15.7978196,6.56841512,4.01116534,0.040111653,,MainCoast_1,5255.053145,2285.961955,0.096473297
484,0.472331449,37.53761077,-75.70942557,0.48585191,50,SSa,Y,62,5,95,0,0,0,0,0,0,0,1,179,P,0.170832922,17.0832922,7.151533345,3.377894107,0.033778941,,MainCoast_1,5249.905042,2290.808515,0.080689762
485,0.389124402,37.53769634,-75.70943939,0.45102327,41,SSa,Y,59,5,95,0,0,0,0,0,0,0,1,211,P,0.159915569,15.9915569,6.655981293,2.59000474,0.025900047,,MainCoast_1,5254.961481,2285.066129,0.06222705
486,0.441554121,37.53763642,-75.70933092,0.46560426,50,SSa,Y,68,0,100,0,0,0,0,0,0,0,1,199,P,0.172983189,17.2983189,7.249558086,3.201072248,0.032010722,,MainCoast_1,5243.477251,2296.685115,0.07638144
487,0.61755713,37.55580454,-75.71404436,-0.14250956,35,TSa,Y,89,60,40,0,0,0,0,0,0,0,1,189,P,0.068988807,6.8988807,2.667609299,1.647401143,0.016474011,,MainCoast_1,6621.222251,966.884172,0.04260453
489,1.093703523,37.55591692,-75.71395713,-0.06305241,34,TSa,Y,90,40,60,0,0,0,0,0,0,0,1,217,P,0.063030666,6.3030666,2.414922799,2.641209573,0.026412096,,MainCoast_1,6618.83649,967.8099204,0.068936861
490,0.613535971,37.55589156,-75.71389635,-0.14456847,34,TSa,Y,90,55,45,0,0,0,0,0,0,0,1,214,P,0.065398933,6.5398933,2.515234168,1.543186637,0.015431866,,MainCoast_1,6612.799169,973.8730906,0.040124598
493,0.45274119,37.56068716,-75.71621604,0.52965313,47,SSa,Y,43,20,77,3,0,0,0,0,0,0,2,182,P,0.212855008,21.2855008,9.09233679,4.116475378,0.041164754,,MainCoast_1,7013.648124,537.7765322,0.09636823
494,0.301019791,37.56064371,-75.71639593,0.49302027,40,SSa,Y,45,10,90,0,0,0,0,0,0,0,1,205,P,0.224771553,22.4771553,9.652347653,2.905547673,0.029055477,,MainCoast_1,7025.978283,526.2529254,0.067660686
495,0.357779988,37.56072167,-75.7163559,0.49360794,50,SSa,Y,44,20,80,0,0,0,0,0,0,0,1,183,P,0.173423648,17.3423648,7.269654514,2.600936905,0.026009369,,MainCoast_1,7026.459224,525.1205944,0.062047511
496,0.37041055,37.56081156,-75.7162873,0.50655088,60,SSa,Y,31,15,85,0,0,0,0,0,0,0,1,187,P,0.213728237,21.3728237,9.133229011,3.383044381,0.033830444,,MainCoast_1,7025.236449,525.5462262,0.079167194
497,0.468825823,37.56130567,-75.71084277,0.54701629,62,Se,Y,32,5,45,50,0,0,0,0,0,0,2,184,P,0.128746391,12.8746391,5.260851086,2.46642284,0.024664228,,MainCoast_1,6618.76638,822.8169398,0.060359633
499,0.738552754,37.56148976,-75.71088681,0.5737581,55,Se,Y,33,10,40,50,0,0,0,0,0,0,2,198,P,0.100038074,10.0038074,4.001653576,2.955432269,0.029554323,,MainCoast_1,6631.680134,804.7169175,0.073883395
500,0.720689531,37.56137209,-75.71079446,0.57807326,62,Se,Y,30,10,5,85,0,0,0,0,0,0,2,193,P,0.09144197,9.144197,3.629423355,2.615687416,0.026156874,,MainCoast_1,6618.393852,819.9437905,0.06590127
501,0.665991467,37.56139532,-75.71083416,0.55770888,62,Se,Y,27,10,30,60,0,0,0,0,0,0,2,165,P,0.09342526,9.342526,3.71510745,2.474229861,0.024742299,,MainCoast_1,6622.696828,815.7059424,0.062220426
502,0.582990634,37.56582179,-75.71440485,0.60887984,58,TSa,Y,80,40,60,0,0,0,0,0,0,0,1,196,P,0.087950072,8.7950072,3.478849638,2.028136756,0.020281368,,MainCoast_1,7135.773135,249.7871043,0.051274068
503,0.679807754,37.56586717,-75.71441204,0.61147453,40,TSa,Y,80,35,65,0,0,0,0,0,0,0,1,174,P,0.084116823,8.4116823,3.313977753,2.252867773,0.022528678,,MainCoast_1,7138.837665,246.6620523,0.057183269
504,0.704527568,37.5659276,-75.7143244,0.53010321,45,SSa,Y,54,20,85,0,0,0,0,0,0,0,1,181,P,0.092169025,9.2169025,3.660820618,2.579149047,0.02579149,,MainCoast_1,7135.485457,250.1443041,0.064935619
505,0.654546631,37.5659944,-75.71421472,0.48192878,51,SSa,Y,55,15,85,0,0,0,0,0,0,0,1,200,P,0.120255056,12.0255056,4.885831091,3.198004281,0.031980043,,MainCoast_1,7130.817126,255.4375604,0.078712542
506,0.489215158,37.56604179,-75.71414552,0.4465383,47,SSa,Y,43,25,75,0,0,0,0,0,0,0,1,186,P,0.124248303,12.4248303,5.061923502,2.476369706,0.024763697,,MainCoast_1,7128.173633,258.7801163,0.060784153
507,0.293209464,37.5589699,-75.7018411,0.44441111,40,SSa,Y,37,20,80,0,0,0,0,0,0,0,1,219,P,0.21746507,21.746507,9.30847863,2.72933403,0.02729334,,MainCoast_1,5795.298828,1595.016113,0.063762817
509,0.252714338,37.55905742,-75.70170397,0.47599786,45,SSa,Y,45,10,90,0,0,0,0,0,0,0,1,216,P,0.25,25,10.852,2.742455996,0.02742456,,MainCoast_1,5789.402558,1599.71683,0.063178585
510,0.389382169,37.55899464,-75.70163921,0.50877709,43,SSa,Y,45,0,100,0,0,0,0,0,0,0,1,167,P,0.215370867,21.5370867,9.210213308,3.586292835,0.035862928,,MainCoast_1,5781.018776,1608.331413,0.083861575
511,0.228638941,37.55886009,-75.70185919,0.4639022,40,SSa,Y,51,10,90,0,0,0,0,0,0,0,1,202,P,0.222196875,22.2196875,9.530991425,2.179155786,0.021791558,*,MainCoast_1,5790.820276,1600.529988,0.050802858
512,0.448384935,37.56471383,-75.69952677,0.52428432,46,SSa,Y,42,0,100,0,0,0,0,0,0,0,1,195,P,0.196179865,19.6179865,8.315850033,3.728701877,0.037287019,,MainCoast_1,5951.824349,1490.885807,0.087964096
513,0.417427171,37.56465636,-75.69959086,0.51226673,50,SSa,Y,40,5,95,0,0,0,0,0,0,0,1,171,P,0.147563353,14.7563353,6.099610509,2.546143159,0.025461432,,MainCoast_1,5953.036131,1487.753441,0.061596953
514,0.406936072,37.56461078,-75.69963922,0.52534877,50,SSa,Y,43,0,100,0,0,0,0,0,0,0,1,190,P,0.144187414,14.4187414,5.948347303,2.420597087,0.024205971,,MainCoast_1,5953.823426,1485.50369,0.05867506
515,0.449080905,37.5645833,-75.69972804,0.5178297,45,SSa,Y,32,10,90,0,0,0,0,0,0,0,1,203,P,0.169163172,16.9163172,7.075509725,3.177476311,0.031774763,,MainCoast_1,5958.708785,1479.226481,0.07596795
516,0.368967057,37.56454586,-75.6998824,0.51454541,40,SSa,Y,35,10,90,0,0,0,0,0,0,0,1,173,P,0.163222522,16.3222522,6.80571044,2.511082952,0.02511083,,MainCoast_1,5967.843848,1467.95769,0.060223734
517,0.438873349,37.56219754,-75.6997375,0.31503572,40,TSa,Y,95,20,80,0,0,0,0,0,0,0,1,172,P,0.096495439,9.6495439,3.847981145,1.688776372,0.016887764,,MainCoast_1,5818.426424,1591.31641,0.042349276
518,0.445755716,37.56219005,-75.69984998,0.27903715,35,TSa,Y,90,30,70,0,0,0,0,0,0,0,1,188,P,0.103511657,10.3511657,4.15269624,1.851088086,0.018510881,,MainCoast_1,5826.512313,1583.0987,0.046140913
519,0.491818601,37.56219984,-75.69991078,0.30751391,40,TSa,Y,87,15,85,0,0,0,0,0,0,0,1,206,P,0.077668932,7.7668932,3.037641866,1.493968773,0.014939688,,MainCoast_1,5831.67625,1577.899149,0.038199025
520,0.512697692,37.56218739,-75.69984779,0.28263246,40,TSa,Y,58,20,80,0,0,0,0,0,0,0,1,215,P,0.070903414,7.0903414,2.74903444,1.409423613,0.014094236,,MainCoast_1,5826.194316,1583.413472,0.036352017
521,0.479909785,37.56221333,-75.69994874,0.32830271,39,TSa,Y,80,25,75,0,0,0,0,0,0,0,1,192,P,0.073872627,7.3872627,2.875527785,1.379993921,0.013799939,,MainCoast_1,5835.322273,1574.245318,0.035452197
522,0.697155444,37.57218766,-75.71308585,0.55691603,50,SSa,Y,35,25,75,0,0,0,0,0,0,0,1,201,P,0.09639514,9.639514,3.843635855,2.679611661,0.026796117,,MainCoast_1,7408.59665,119.5911541,0.067202397
523,0.678544698,37.57218143,-75.71300904,0.52646291,55,SSa,Y,40,30,70,0,0,0,0,0,0,0,1,212,P,0.087807326,8.7807326,3.472702088,2.356383589,0.023563836,,MainCoast_1,7402.568788,123.3776955,0.059581196
524,0.621552511,37.57216507,-75.7129237,0.50170201,51,SSa,Y,57,20,80,0,0,0,0,0,0,0,1,180,P,0.090755969,9.0755969,3.599813515,2.23747313,0.022374731,,MainCoast_1,7395.291008,128.5105712,0.0564096
525,0.605777198,37.57223215,-75.71290873,0.44166018,50,SSa,Y,50,15,85,0,0,0,0,0,0,0,1,169,P,0.109613914,10.9613914,4.418918695,2.676880185,0.026768802,,MainCoast_1,7398.33083,122.5499709,0.06640161
526,0.586934462,37.57220688,-75.71281843,0.44238528,50,SSa,Y,45,15,85,0,0,0,0,0,0,0,1,191,P,0.10529993,10.529993,4.230597299,2.483083349,0.024830833,,MainCoast_1,7390.142095,128.7618506,0.061804158
527,0.486353949,37.50887284,-75.65989268,-0.096405,40,TSa,Y,110,30,70,0,0,0,0,0,0,0,1,76,P,0.077593808,7.7593808,3.034429643,1.47580684,0.014758068,,BarrierCoast_1,617.1596547,7649.906515,0.037738055
528,0.466299711,37.50888075,-75.65985936,-0.25566625,35,TSa,Y,125,20,80,0,0,0,0,0,0,0,1,73,P,0.076556449,7.6556449,2.990090581,1.394278374,0.013942784,,BarrierCoast_1,614.8132975,7652.108077,0.03569825
529,0.391702068,37.50889469,-75.65981548,-0.15379038,40,TSa,Y,125,10,90,0,0,0,0,0,0,0,1,101,P,0.077091633,7.7091633,3.01296152,1.180183258,0.011801833,,BarrierCoast_1,611.880251,7654.825741,0.030196952
530,0.528009026,37.50883839,-75.65977308,-0.15365361,30,TSa,Y,130,40,60,0,0,0,0,0,0,0,1,69,P,0.073411102,7.3411102,2.855848702,1.507913892,0.015079139,,BarrierCoast_1,605.9396075,7661.047245,0.038761724
531,0.473156302,37.50880151,-75.65981395,-0.24546698,32,TSa,Y,125,15,85,0,0,0,0,0,0,0,1,106,P,0.077391652,7.7391652,3.025786507,1.431669954,0.0143167,,BarrierCoast_1,607.607506,7659.747426,0.036618348
532,0.785440492,37.50549445,-75.66269799,0.13581354,31,SSa,Y,56,25,75,0,0,0,0,0,0,0,1,100,P,0.053431324,5.3431324,2.010052025,1.578776252,0.015787763,,BarrierCoast_1,690.0326438,7617.095272,0.041967125
533,0.649674843,37.50552052,-75.66281523,0.15541988,40,SSa,Y,46,25,75,0,0,0,0,0,0,0,1,43,P,0.081385197,8.1385197,3.196756769,2.076852452,0.020768525,,BarrierCoast_1,700.2787069,7606.719042,0.052873915
534,0.514734048,37.50544998,-75.66285721,0.14551962,38,SSa,Y,50,25,75,0,0,0,0,0,0,0,1,68,P,0.10972418,10.972418,4.423739533,2.277049357,0.022770494,,BarrierCoast_1,699.0650572,7607.575228,0.056478771
535,0.685607502,37.5054046,-75.6628604,0.14377121,39,SSa,Y,49,30,70,0,0,0,0,0,0,0,1,91,P,0.077697985,7.7697985,3.038884187,2.083481796,0.020834818,,BarrierCoast_1,696.5266473,7609.934178,0.053270321
536,0.700506409,37.50537076,-75.66276468,0.15660218,39,SSa,Y,50,35,65,0,0,0,0,0,0,0,1,96,P,0.063789683,6.3789683,2.447053739,1.714176827,0.017141768,,BarrierCoast_1,687.3938493,7619.121264,0.044685082
537,0.455834389,37.50072919,-75.66309826,0.39511165,41,SSa,Y,40,20,79,1,0,0,0,0,0,0,2,45,P,0.153793171,15.3793171,6.379642995,2.908060667,0.029080607,,BarrierCoast_1,456.4911352,7870.219702,0.070104216
538,0.722365014,37.50074924,-75.66319853,0.31692307,36,SSa,Y,35,15,85,0,0,0,0,0,0,0,1,46,P,0.072647169,7.2647169,2.82328921,2.03944535,0.020394453,,BarrierCoast_1,465.4582744,7861.564244,0.052477773
539,0.974873138,37.500997,-75.66324132,0.51615382,NA,SSa,Y,48,25,52,12,0,0,1,0,0,10,4,74,P,0.02862634,2.862634,0.976654936,0.952114663,0.009521147,,BarrierCoast_1,480.6273032,7843.46827,0.02790705
540,0.727984325,37.50108154,-75.66318516,0.43245023,50,SSa,Y,36,45,50,0,0,0,0,0,0,5,2,84,P,0.075412412,7.5412412,2.941229295,2.141168823,0.021411688,,BarrierCoast_1,480.1461563,7842.549753,0.054899054
541,0.626939832,37.50118063,-75.66310816,0.41643236,50,SSa,Y,51,20,60,20,0,0,0,0,0,0,2,71,P,0.076558333,7.6558333,2.990171078,1.874657354,0.018746574,,BarrierCoast_1,478.7203168,7842.303304,0.047997468
543,0.598353521,37.48806085,-75.67299073,0.02047681,35,TSa,Y,95,30,70,0,0,0,0,0,0,0,1,113,P,0.079387049,7.9387049,3.111152944,1.861569319,0.018615693,,BarrierCoast_1,332.3345387,7896.992695,0.04750152
544,0.429748412,37.48805844,-75.67306215,0.06852067,34,TSa,Y,80,40,60,0,0,0,0,0,0,0,1,78,P,0.08954492,8.954492,3.547575506,1.52456494,0.015245649,,BarrierCoast_1,329.408493,7891.788623,0.038481787
545,0.496045972,37.48808249,-75.67317508,0.20116227,35,TSa,Y,90,35,65,0,0,0,0,0,0,0,1,103,P,0.095771878,9.5771878,3.816640817,1.893229304,0.018932293,,BarrierCoast_1,325.8070341,7881.913362,0.047507254
547,0.438383592,37.48803423,-75.67320364,0.10379724,40,TSa,Y,107,30,70,0,0,0,0,0,0,0,1,44,P,0.086279209,8.6279209,3.406929948,1.493542188,0.014935422,,BarrierCoast_1,319.9636572,7882.627375,0.03782339
548,0.636322535,37.48798497,-75.67323522,0.09234905,NA,TSa,Y,100,25,75,0,0,0,0,0,0,0,1,102,P,0.087722714,8.7722714,3.469058445,2.207440064,0.022074401,,BarrierCoast_1,313.8794741,7883.174317,0.05581994
550,0.250832642,37.63745912,-75.60380501,0.44522504,45,SSa,Y,35,0,100,0,0,0,0,0,0,0,1,89,C,0.247143988,24.7143988,10.7152337,2.687730378,0.026877304,*,BarrierCoast_1,132.2176001,4048.318028,0.061991779
550,0.228999814,37.63745912,-75.60380501,0.44522504,45,SSa,Y,35,0,100,0,0,0,0,0,0,0,1,89,C,0.247143988,24.7143988,10.7152337,2.453786524,0.024537865,*,BarrierCoast_1,132.2176001,4048.318028,0.056595927
551,0.273773866,37.63748515,-75.60389711,0.47662166,40,SSa,Y,44,0,93,7,0,0,0,0,0,0,2,99,C,0.165897693,16.5897693,6.927074396,1.896451937,0.018964519,,BarrierCoast_1,140.8396804,4039.961229,0.045418453
552,0.338292836,37.63748072,-75.60401297,0.45381217,40,SSa,Y,37,0,95,6,0,0,1,0,0,0,3,93,C,0.186211019,18.6211019,7.855629652,2.657503234,0.026575032,,BarrierCoast_1,150.4388282,4031.759048,0.062993854
553,0.299344309,37.63748209,-75.60416822,0.4149073,41,SSa,Y,44,0,100,0,0,0,0,0,0,0,1,31,C,0.163306862,16.3306862,6.809533398,2.03839507,0.020383951,,BarrierCoast_1,163.5466498,4020.327504,0.04888498
554,0.248770509,37.63738119,-75.60422483,0.29998375,35,SSa,Y,55,10,90,0,0,0,0,0,0,0,1,40,C,0.166337457,16.6337457,6.947045631,1.728220078,0.017282201,,BarrierCoast_1,164.9244042,4022.498801,0.041379854
555,0.2065999,37.63560017,-75.61828644,0.42908989,40,SSa,Y,54,5,95,0,0,0,0,0,0,0,1,9,C,0.242914472,24.2914472,10.51314371,2.17201444,0.021720144,*,BarrierCoast_1,1168.939235,3120.232522,0.050186106
556,0.166929626,37.6357376,-75.61829834,0.43990324,38,SSa,Y,33,0,100,0,0,0,0,0,0,0,1,29,C,0.255378859,25.5378859,11.11024269,1.854628658,0.018546287,*,BarrierCoast_1,1179.295241,3109.716242,0.042630297
557,0.145844321,37.63584976,-75.61837523,0.4676695,41,SSa,Y,40,5,85,5,0,0,5,0,0,0,3,94,C,0.297583348,29.7583348,13.16663249,1.920278576,0.019202786,*,BarrierCoast_1,1192.413141,3096.573461,0.043400841
558,0.134476816,37.63601816,-75.61845771,0.46796443,40,SSa,Y,43,0,100,0,0,0,0,0,0,0,1,97,C,0.261877395,26.1877395,11.42339963,1.53618241,0.015361824,*,BarrierCoast_1,1209.913264,3079.114285,0.035216438
559,0.149478829,37.63609329,-75.61848873,0.49794909,40,SSa,Y,43,5,95,0,0,0,0,0,0,0,1,85,C,0.265271105,26.5271105,11.58744216,1.732077286,0.017320773,*,BarrierCoast_1,1215.98261,3071.73132,0.039652414
560,0.124295036,37.63623527,-75.61835207,0.52216447,50,Lm,Y,26,0,25,30,0,0,45,0,0,0,3,30,C,0.291245791,29.1245791,12.85442899,1.597741714,0.015977417,*,BarrierCoast_1,1210.617305,3071.236661,0.036200406
561,0.359455471,37.64363518,-75.63166111,0.38980625,50,SSa,Y,46,10,90,0,0,0,0,0,0,0,1,104,C,0.145701991,14.5701991,6.016167549,2.16254434,0.021625443,,MainCoast_1,2625.272677,1643.551591,0.052373378
562,0.181209893,37.64366062,-75.63174933,0.30035722,37,SSa,Y,40,15,85,0,0,0,0,0,0,0,1,32,C,0.170791367,17.0791367,7.149640333,1.29558556,0.012955856,*,MainCoast_1,2633.554745,1635.873776,0.030949085
563,0.240882852,37.64362061,-75.63181347,0.42123114,44,SSa,Y,56,5,95,0,0,0,0,0,0,0,1,27,C,0.159781678,15.9781678,6.649926011,1.601853143,0.016018531,,MainCoast_1,2637.338374,1634.65531,0.038488666
564,0.256529283,37.64369813,-75.63188678,0.34250223,37,SSa,Y,54,20,80,0,0,0,0,0,0,0,1,12,C,0.139699203,13.9699203,5.747776787,1.474473058,0.014744731,,MainCoast_1,2646.376815,1624.081936,0.035836936
565,0.36948259,37.64368984,-75.63194215,0.37600229,45,SSa,Y,52,10,90,0,0,0,0,0,0,0,1,86,C,0.149032648,14.9032648,6.165550911,2.278063719,0.022780637,,MainCoast_1,2650.645639,1621.083995,0.055064969
566,0.266685285,37.64637246,-75.63121068,0.38450737,45,TSa,Y,95,15,85,0,0,0,0,0,0,0,1,28,C,0.149568747,14.9568747,6.189626592,1.650682332,0.016506823,,MainCoast_1,2654.514056,1491.783388,0.039887784
567,0.361491827,37.64628126,-75.63116112,0.26701294,40,TSa,Y,87,50,50,0,0,0,0,0,0,0,1,8,C,0.126740377,12.6740377,5.17206029,1.869657523,0.018696575,,MainCoast_1,2647.907449,1500.886215,0.04581561
568,0.316949765,37.64629861,-75.63107028,0.2623735,40,TSa,Y,75,30,70,0,0,0,0,0,0,0,1,92,C,0.154553634,15.4553634,6.413905809,2.032885939,0.020328859,,MainCoast_1,2640.554066,1506.635864,0.048985738
569,0.232866312,37.64635305,-75.63100954,0.39317169,45,SSa,Y,45,10,90,0,0,0,0,0,0,0,1,88,C,0.15354853,15.354853,6.368624334,1.483038061,0.014830381,,MainCoast_1,2636.7525,1507.977901,0.03575628